,N,Pout,no_of_bits,DR
0,32,-18.01158333997246,4,1
1,16,-14.44936384219524,4,5
2,12,-13.112437920249779,4,10
