,M,Pout,no_of_bits,DR
0,249,-18.020257756126245,4,1
1,187,-14.420145801796401,4,5
2,160,-12.851909082060768,4,10
